{
  "mae": 0.005959695943590317,
  "threshold_metrics": {
    "threshold": 0.6,
    "accuracy": 0.9944444444444445,
    "precision": 0.9731958762886598,
    "recall": 0.9812889812889813,
    "f1": 0.9772256728778468
  },
  "average_lead_time_min": -2.6666666666666665
}